id,name,gender,date,time,category
1,Myranda De Domenici,Female,2025-01-09,15:31:36,Food - Bakery: category A
2,Dorris Phateplace,Female,2024-11-04,23:28:29,Kitchen: category A
3,Reynard Byne,Male,2024-10-30,22:49:03,Kitchen: category A
4,Bealle Berrey,Male,2024-10-09,18:24:56,Food - Soups: category A
5,Adorne Andreix,Female,2025-06-19,13:19:43,Garden: category A
6,Prentiss Giacovazzo,Male,2024-08-20,20:23:51,Garden: category A
7,Malory Every,Female,2024-08-21,23:06:31,Food - Beverages: category A
8,Regen Moutray Read,Male,2024-11-10,4:39:59,Kitchen: category A
9,Tawsha Jales,Female,2025-05-13,5:28:08,Food - Condiments: category A
10,Wade Idle,Male,2025-03-08,22:00:12,Food - Bakery: category A
11,Moise Harbach,Male,2024-07-21,10:19:56,Food - Condiments: category A
12,Fletch Girardi,Male,2025-06-24,6:16:25,Audio: category A
13,Justine Boichat,Female,2024-08-30,2:22:40,Food - Breakfast: category A
14,Daphne Hugli,Female,2025-04-02,16:06:23,Home: category A
15,Marna McMenamie,Female,2024-10-07,12:43:17,Fitness: category A
16,Tulley Peasee,Male,2024-09-03,7:28:35,Food - Snacks: category A
17,Nikolos Winyard,Male,2024-11-08,2:30:24,Pets: category A
18,Sheryl Ashby,Female,2024-08-05,19:46:40,Food - Snacks: category A
19,Osbert Fain,Male,2024-10-21,10:24:34,Home Improvement: category A
20,Tybalt Skea,Male,2025-02-13,23:44:04,Outdoor: category A
21,Anjela Cadigan,Female,2024-10-16,6:43:28,Clothing - Outerwear: category A
22,Simone Pipworth,Male,2025-04-29,15:44:49,Food - Frozen Foods: category A
23,Benson Dowers,Male,2025-03-15,20:30:33,Home: category A
24,Grace Veschi,Male,2025-04-06,14:39:21,Grooming: category A
25,Cinda Tunnock,Female,2024-12-30,22:15:28,Clothing - Activewear: category A
26,Leone Challenor,Female,2025-03-25,9:47:13,Food - Grains: category A
27,Cathyleen Burdis,Female,2024-07-28,11:08:50,Food - Snacks: category A
28,Gaspar Gormally,Male,2024-07-03,20:03:14,Electronics: category A
29,Duke Philliphs,Male,2025-01-10,6:22:43,Food - Produce: category A
30,Aymer Gounod,Male,2024-08-17,16:31:06,Food - Grains: category A
31,Hedvig Pordal,Female,2025-01-20,10:42:15,Food - Frozen Foods: category A
32,Adel Vanyushin,Female,2024-10-07,20:24:46,Clothing - Footwear: category A
33,Jock Cassy,Male,2024-08-05,5:17:21,Food - Snacks: category A
34,Audrie Brandrick,Female,2025-03-05,8:36:25,Food - Bakery: category A
35,Agnella Vanichkin,Female,2025-05-17,21:46:19,Pets: category A
36,Gerrie Mease,Male,2025-02-15,15:11:45,Kitchen: category A
37,Tremaine Korba,Male,2024-09-02,5:15:03,Food - Beverages: category A
38,Haslett Lathey,Male,2024-11-20,15:29:52,Fitness: category A
39,Kellia Buxcey,Female,2025-04-23,9:42:45,Electronics: category A
40,Franni Wisedale,Female,2025-06-20,8:49:59,Food - Sides: category A
41,Willard Ridsdole,Male,2024-11-06,18:56:02,Home: category A
42,Carey Piddletown,Female,2025-06-17,18:56:11,Fitness: category A
43,Erie Alenshev,Male,2025-06-20,17:22:52,Food - Snacks: category A
44,Adria Denley,Female,2025-04-20,1:57:57,Clothing - Accessories: category A
45,Newton Febry,Male,2024-07-11,6:48:03,Food - Snacks: category A
46,Stuart Seiler,Male,2025-04-09,21:13:29,Accessories: category A
47,Donica Vial,Female,2025-01-24,20:36:03,Kitchen: category A
48,Laney Gwinnett,Male,2024-12-17,16:37:04,Food - Frozen Food: category A
49,Abbey McNirlin,Female,2024-12-21,11:44:48,Garden: category A
50,Eleonora Salliere,Female,2024-11-01,23:46:51,Food - Baking: category A
51,Lowell Wiburn,Male,2024-08-26,10:43:54,Food - Bakery: category A
52,Ora Bernardotti,Female,2024-07-30,9:25:41,Food - Baking: category A
53,Meryl Truman,Male,2024-11-24,1:55:38,Food - Condiments: category A
54,Hailee Siley,Female,2024-09-22,6:15:28,Food - Snacks: category A
55,Langston Souter,Male,2024-08-11,13:37:42,Food - Prepared Foods: category A
56,Olav Overland,Male,2024-11-24,4:07:37,Food - Meat: category A
57,Neils Minards,Male,2024-07-29,20:07:55,Food - Frozen Foods: category A
58,Emylee Tellenbroker,Female,2025-06-05,20:53:02,Food - Household: category A
59,Alicia Craisford,Female,2024-11-21,11:07:40,Outdoor: category A
60,Amata Lesaunier,Female,2025-02-07,2:48:07,Food - Produce: category A
61,Aleen Bisgrove,Female,2025-02-19,1:32:28,Home: category A
62,Simonette Grayson,Female,2025-01-23,18:08:07,Food - Condiments: category A
63,Lula Keoghane,Female,2024-08-29,14:51:34,Toys: category A
64,Mikel Halley,Male,2024-12-08,7:47:15,Kitchen: category A
65,Rooney Dunbobbin,Male,2025-01-11,2:51:10,Food - Cooking Oils: category A
66,Toddy Mathison,Male,2025-06-19,8:54:42,Kitchen: category A
67,Man Dagworthy,Male,2025-03-04,15:43:12,Garden: category A
68,Marjory Dominguez,Female,2024-09-25,15:45:28,Food - Dairy: category A
69,Berri Noyes,Female,2025-04-06,8:45:01,Food - Sauces: category A
70,Charil Steptow,Female,2024-12-17,0:30:06,Health: category A
71,Maurice Tiesman,Male,2024-07-30,5:57:17,Fitness: category A
72,Nat Jako,Male,2025-03-07,5:21:50,Food - Snacks: category A
73,Lorraine Riatt,Female,2025-02-03,20:59:47,Food - Dairy Alternatives: category A
74,Orland Woodier,Male,2025-02-23,1:49:02,Outdoor: category A
75,Darn McGuff,Male,2024-09-09,1:05:18,Toys: category A
76,Sig Eplett,Male,2024-08-19,1:51:25,Food - Nuts: category A
77,Fleur Fleetham,Female,2024-07-16,14:12:07,Food - Meat & Poultry: category A
78,Ase Shynn,Male,2024-06-30,3:17:30,Beauty: category A
79,Allayne Leed,Male,2025-05-05,16:05:55,Toys: category A
80,Ripley Breffitt,Male,2025-03-24,22:24:24,Outdoor: category A
81,Jacinthe Hullyer,Female,2024-10-26,8:40:13,Smart Home: category A
82,Zsazsa McMyler,Female,2025-03-26,3:15:02,Smart Home: category A
83,Norrie Southernwood,Male,2025-03-01,2:07:07,Food - Frozen Desserts: category A
84,Dotti Franses,Female,2025-04-06,23:44:40,Home: category A
85,Ciro Pasfield,Male,2025-05-08,13:18:52,Audio: category A
86,Glendon Smythin,Male,2024-07-01,4:16:53,Health: category A
87,Obie Wallett,Male,2024-10-04,1:51:36,Home: category A
88,Tully Doggrell,Male,2025-03-07,9:48:45,Food - Snacks: category A
89,Lesya Rackley,Female,2024-07-16,13:13:12,Outdoor: category A
90,Oates Polendine,Male,2025-03-11,12:23:25,Home: category A
91,Iseabal Mahedy,Female,2024-12-14,12:41:47,Food - Vegetables: category A
92,Devan Sabberton,Female,2025-01-04,12:41:36,Food - Cereal: category A
93,Alica Nottingham,Female,2025-02-23,20:32:00,Pets: category A
94,Sharia Davinet,Female,2024-07-14,0:18:45,Clothing - Outerwear: category A
95,Gayle Gaunter,Male,2025-05-06,10:16:51,Food - Dressings: category A
96,Maribeth Ashurst,Female,2025-01-17,2:09:20,Kitchen: category A
97,Irv Schaumaker,Male,2024-07-10,17:15:10,Clothing: category A
98,Jeffie Huddles,Male,2024-07-12,6:31:28,Food - Snacks: category A
99,Emelen Coull,Male,2025-04-27,18:13:17,Food - Spreads: category A
100,Curry Wilacot,Male,2024-12-10,8:30:42,Food - Canned Goods: category A
101,Melodie Orsi,Female,2024-08-24,5:27:02,Home: category A
102,Ricky Vassbender,Female,2024-08-16,10:52:09,Beauty: category A
103,Bonni Roelofsen,Female,2024-12-24,22:50:35,Food - Meat: category A
104,Julie Dufore,Male,2025-06-13,4:12:41,Food - Meat: category A
105,Sloan Le Barre,Male,2025-03-01,9:46:34,Accessories: category A
106,Agretha Togwell,Female,2025-06-01,15:08:07,Kitchen: category A
107,Reginauld McGriele,Male,2025-04-13,14:38:20,Food - Snacks: category A
108,Madel Dickenson,Female,2024-12-24,10:25:16,Office: category A
109,Gaylene Setchfield,Female,2025-01-10,0:59:24,Health: category A
110,Ginnie Rault,Female,2024-08-15,16:28:56,Food - Snacks: category A
111,Anthiathia Aldus,Female,2024-12-08,19:46:11,Food - Spices: category A
112,Becca Gyver,Female,2025-02-13,21:26:08,Food - Condiments: category A
113,Shirlee Porcas,Female,2024-08-03,14:40:25,Food - Dairy: category A
114,Kristine World,Female,2025-02-14,20:22:08,Food - Snacks: category A
115,Chandra Mathew,Female,2025-02-18,6:59:48,Fitness: category A
116,Gabby Cowin,Male,2024-07-06,19:26:56,Food - Meats: category A
117,Poppy Corton,Female,2025-04-20,10:45:40,Home: category A
118,Danya Audus,Male,2025-01-28,7:38:40,Food - Prepared Foods: category A
119,Bartholemy Wong,Male,2025-03-25,9:21:54,Outdoor: category A
120,Carlo Enric,Male,2024-10-03,4:13:15,Food - Spices: category A
121,Nerta Evensden,Female,2025-02-01,22:52:33,Clothing - Outerwear: category A
122,Helli Matisse,Female,2024-08-03,2:40:27,Food - Breakfast: category A
123,Tybi Haliburn,Female,2024-10-05,19:34:28,Smart Home: category A
124,Cornie Ziemen,Male,2024-07-30,6:47:41,Food - Baked Goods: category A
125,Clayton Endricci,Male,2025-02-01,18:38:57,Clothing - Dresses: category A
126,Camilla Pesek,Female,2024-08-03,17:44:21,Electronics: category A
127,Brandy People,Female,2025-01-11,15:16:46,Pets: category A
128,Reagen Gymblett,Male,2024-09-13,4:17:02,Pets: category A
129,Madonna Sirman,Female,2024-08-28,23:08:26,Audio: category A
130,Lindsay Gostall,Female,2025-05-10,13:02:11,Outdoor: category A
131,Asa Walisiak,Male,2025-01-18,15:14:28,Food - Produce: category A
132,Nealy Morgan,Male,2025-06-12,18:09:19,Food - Grains: category A
133,Gustav Perrington,Male,2025-05-29,16:59:54,Food - Bakery: category A
134,Mehetabel Braz,Female,2024-12-17,5:41:45,Garden: category A
135,Rube Picheford,Male,2025-01-21,17:14:37,Home Appliances: category A
136,Noni MacAllan,Female,2025-06-03,12:36:41,Kitchen: category A
137,Abe Linklater,Male,2025-03-27,13:47:16,Clothing - Activewear: category A
138,Grace Bambrugh,Female,2024-07-16,12:03:06,Pets: category A
139,Cal Heaseman,Female,2025-06-07,13:22:51,Food - Frozen Desserts: category A
140,Davine Turbard,Female,2025-06-15,15:47:38,Food - Prepared Meals: category A
141,Cece Smieton,Male,2025-02-14,20:45:21,Food - Bakery: category A
142,Barnie Gebhard,Male,2024-07-03,19:38:41,Office: category A
143,Oralla Fairhead,Female,2025-03-31,2:14:51,Food - Snacks: category A
144,Christian Yakubowicz,Male,2025-05-24,0:10:13,Outdoor: category A
145,Eadmund Atte-Stone,Male,2024-10-11,21:22:04,Food - Condiments: category A
146,Meta Sperski,Female,2024-12-24,3:23:05,Food - Seafood: category A
147,Rori Measham,Female,2024-10-31,19:20:00,Smart Home: category A
148,Kathie Martonfi,Female,2024-09-05,19:45:17,Food - Frozen Meals: category A
149,Pooh Thackham,Female,2025-04-21,20:28:34,Food - Frozen Foods: category A
150,Algernon Sacher,Male,2024-10-22,18:25:34,Food - Baking: category A
151,Heath Longworthy,Female,2024-08-16,6:20:27,Health: category A
152,Caren Miranda,Female,2024-09-09,13:51:09,Food - Frozen Foods: category A
153,Magda Tosh,Female,2024-11-27,6:25:24,Food - Soups: category A
154,Marget Lamp,Female,2024-07-15,17:44:31,Food - Breakfast: category A
155,Ellis Read,Male,2024-11-21,5:34:43,Electronics: category A
156,Carline Reason,Female,2024-07-17,21:39:33,Food - Condiments: category A
157,Eberhard De la croix,Male,2025-01-25,14:09:12,Home: category A
158,Paquito Crayden,Male,2025-01-22,16:27:01,Kitchen: category A
159,Harland Blindmann,Male,2025-03-02,12:00:16,Food - Baking: category A
160,Isaac Orman,Male,2025-06-02,2:49:36,Kitchen: category A
161,Heidi Tupman,Female,2025-01-22,3:45:30,Home: category A
162,Alecia Skirling,Female,2025-01-18,3:07:38,Kitchen: category A
163,Tommi Silby,Female,2024-08-17,19:02:04,Electronics: category A
164,Dyanna Saltwell,Female,2024-12-02,11:35:40,Food - Dips: category A
165,Tatiana Woolmer,Female,2025-02-13,5:53:35,Kitchen: category A
166,Moishe Marron,Male,2025-05-28,14:38:08,Food - Condiments: category A
167,Ximenes Landers,Male,2024-07-20,15:43:03,Outdoor: category A
168,Andi Garrard,Female,2024-11-19,22:55:36,Office: category A
169,Dael Schistl,Male,2024-12-25,16:16:17,Kitchen: category A
170,Moyra Cooksley,Female,2024-11-29,22:58:52,Food - Salads: category A
171,Moyna Newcome,Female,2024-11-19,2:16:09,Kitchen: category A
172,Janel Read,Female,2025-06-14,11:32:07,Clothing - Tops: category A
173,Frasco Cruces,Male,2024-12-18,4:47:22,Home: category A
174,Kellia Pechan,Female,2024-11-20,22:08:09,Kitchen: category A
175,Jewell Critchard,Female,2025-05-10,5:04:14,Food - Spreads: category A
176,Bailie Fillis,Male,2024-11-17,11:20:09,Food - Condiments: category A
177,Collin Ankers,Male,2025-05-15,7:27:20,Food - Pasta: category A
178,Daniela Walbrun,Female,2025-05-19,5:59:21,Toys: category A
179,Jayme Folk,Female,2024-11-22,13:32:35,Food - Beverages: category A
180,Marlo Descroix,Male,2024-08-31,19:03:47,Food - Bakery: category A
181,Lewie Skellen,Male,2024-10-29,6:51:59,Toys: category A
182,Reggy Brassill,Male,2025-02-19,3:09:39,Kitchen: category A
183,Bliss Couser,Female,2024-08-26,19:45:07,Food - Bakery: category A
184,Fred McBeath,Male,2025-05-01,16:11:18,Food - Baking: category A
185,Sheridan Bassingden,Male,2024-08-08,9:46:21,Food - Baking: category A
186,Reinaldo Jalland,Male,2025-05-05,3:38:53,Food - Pasta: category A
187,Valentin Murrum,Male,2025-06-05,4:35:33,Furniture: category A
188,Woodie Domeney,Male,2024-11-07,19:52:05,Clothing - Tops: category A
189,Giselle Hutton,Female,2024-12-11,19:30:07,Food - Sauces: category A
190,Sissy Uren,Female,2025-05-27,16:37:18,Food - Dairy: category A
191,Chaddie Seedman,Male,2025-06-01,20:00:22,Pets: category A
192,Cherise Bruneton,Female,2025-04-18,11:10:26,Food - Spreads: category A
193,Dodie Lakeland,Female,2025-04-30,9:18:48,Food - Seafood: category A
194,Theressa Kesey,Female,2025-05-29,5:16:57,Food - Seasonings: category A
195,Salomone Simner,Male,2024-09-15,23:44:29,Food - Snacks: category A
196,Fleur Maslen,Female,2025-02-07,5:22:29,Pets: category A
197,Zarah Petticrew,Female,2024-08-12,15:15:19,Fitness: category A
198,Sergeant Grayston,Male,2024-12-07,15:06:11,Food - Beverages: category A
199,Missie Heims,Female,2024-08-01,0:20:15,Clothing - Accessories: category A
200,Dulcinea Grindall,Female,2025-05-31,9:10:05,Electronics: category A
201,Althea Faulks,Female,2025-04-05,11:10:55,Kitchen: category A
202,Raff Tebboth,Male,2025-05-05,22:07:11,Clothing - Loungewear: category A
203,Lena Ingamells,Female,2025-02-12,21:58:54,Home: category A
204,Nedi Kobierzycki,Female,2024-11-26,12:00:32,Pets: category A
205,Hillier Jancic,Male,2025-01-24,14:07:12,Garden: category A
206,Silvanus Godbert,Male,2025-05-23,12:23:54,Food - Canned Goods: category A
207,Jard Brokenshaw,Male,2024-12-08,17:01:21,Kitchen: category A
208,Karly Wayon,Female,2025-04-13,2:26:08,Food - Breakfast: category A
209,Amory Dreye,Male,2024-11-30,21:34:37,Food - Snacks: category A
210,Cordelie Hamley,Female,2025-03-11,19:44:19,Food - Frozen Foods: category A
211,Broderic Merman,Male,2025-04-07,8:40:19,Food - Sauces: category A
212,Gwyneth Gobel,Female,2025-04-02,14:39:21,Crafts: category A
213,Clovis Wannell,Female,2025-05-01,12:13:05,Home: category A
214,Janot Ickovicz,Female,2025-06-02,4:32:33,Safety: category A
215,Hedvig Rohmer,Female,2024-07-12,18:57:50,Food - Frozen: category A
216,Dylan Doodson,Male,2025-06-23,17:16:22,Food - Meal Kits: category A
217,Charlie Slocum,Male,2025-06-05,13:40:00,Food - Seafood: category A
218,Carlotta Manifield,Female,2025-02-21,4:22:44,Health: category A
219,Farra McGivena,Female,2025-05-31,22:36:23,Clothing - Tops: category A
220,Burty Ginie,Male,2024-10-09,20:27:20,Food - Prepared Foods: category A
221,Anjanette Francke,Female,2024-10-07,19:38:00,Home: category A
222,Lauretta Baroc,Female,2025-01-16,5:59:12,Safety: category A
223,Madelin BURWIN,Female,2025-02-14,23:10:59,Health: category A
224,Sancho Coulston,Male,2025-03-22,2:37:04,Food - Condiments: category A
225,Jeff Parcall,Male,2025-01-25,12:18:45,Food - Snacks: category A
226,Sarene Nestor,Female,2024-10-09,7:48:29,Electronics: category A
227,Eleanore Faircliff,Female,2024-09-07,23:40:20,Photography: category A
228,Gratia Millimoe,Female,2025-04-24,20:52:26,Food - Grains: category A
229,Erika Gillhespy,Female,2025-02-11,20:12:26,Electronics: category A
230,Sal Lintin,Female,2024-07-29,22:36:12,Food - Snacks: category A
231,Lilly Goodie,Female,2025-04-29,11:37:10,Food - Baking: category A
232,Hallsy Chater,Male,2025-06-03,12:58:55,Smart Home: category A
233,Haywood Blaker,Male,2024-11-07,19:32:04,Food - Dairy: category A
234,Odele Ide,Female,2025-04-17,4:36:36,Health: category A
235,Leeanne Di Ruggero,Female,2024-08-26,21:47:27,Pets: category A
236,Noak Ioselevich,Male,2024-06-30,2:47:23,Home: category A
237,Hamid Luis,Male,2025-01-11,4:34:12,Clothing - Dresses: category A
238,Chilton Taffley,Male,2024-12-23,8:05:47,Food: category A
239,Ebenezer Doulton,Male,2024-11-29,12:56:25,Fitness: category A
240,Felice Blanchet,Female,2025-04-25,21:04:26,Home: category A
241,Lefty Mahony,Male,2025-06-07,0:19:03,Clothing - Shoes: category A
242,Sheena Sparey,Female,2024-08-21,11:00:46,Food - Beverages: category A
243,Ailey Casement,Female,2024-11-07,1:47:39,Health: category A
244,Mindy Yansons,Female,2025-02-27,5:50:53,Clothing - Bottoms: category A
245,Frank Peacham,Female,2024-08-06,13:50:58,Pets: category A
246,Sherrie Witherdon,Female,2024-11-10,21:19:25,Baby: category A
247,Lianna Spain-Gower,Female,2025-05-14,15:04:19,Storage: category A
248,Tallou Edy,Female,2024-10-23,23:19:28,Food - Breakfast: category A
249,Hildegarde Henner,Female,2024-10-11,17:54:08,Food - Bakery: category A
250,Cleo Clyde,Female,2025-06-15,10:05:50,Outdoor: category A
251,Ferdy Gilbard,Male,2025-01-29,10:49:05,Kitchen: category A
252,Carlo Conrad,Male,2024-10-14,3:27:27,Food - Snacks: category A
253,Claybourne Wimbridge,Male,2025-02-12,12:21:48,Electronics: category A
254,Henri Frain,Male,2025-01-07,20:19:44,Electronics: category A
255,Cammy Biggerstaff,Female,2024-11-09,7:59:01,Health: category A
256,Donavon Boome,Male,2024-11-20,19:17:16,Food - Canned Goods: category A
257,Golda Drabble,Female,2024-11-14,1:54:41,Food - Meat: category A
258,Pepillo Tatlowe,Male,2024-10-26,16:49:30,Food - Produce: category A
259,Loretta Laban,Female,2025-02-12,13:55:34,Food - Bakery: category A
260,Lewes Bourdice,Male,2025-02-20,15:35:13,Food - Dips: category A
261,Harli Dober,Female,2025-03-10,22:56:09,Food - Nuts: category A
262,Kittie Yter,Female,2024-12-29,9:08:19,Outdoor: category A
263,Martina Deble,Female,2024-10-26,17:42:33,Health: category A
264,Berny Silkstone,Female,2025-01-28,14:20:41,Garden: category A
265,Gery D'Elias,Male,2024-08-04,8:35:14,Food - Soups: category A
266,Carissa Elsegood,Female,2024-11-04,21:26:50,Fitness: category A
267,Natal MacGillreich,Male,2024-10-25,7:04:30,Home: category A
268,Sharla Ruler,Female,2024-12-08,0:58:20,Fitness: category A
269,Carl Traylen,Male,2025-03-19,6:03:22,Home: category A
270,Marrilee Immings,Female,2025-03-19,20:43:17,Food - Frozen Foods: category A
271,Averill Waterdrinker,Male,2025-04-20,3:20:37,Food - Frozen: category A
272,Amaleta Kilfedder,Female,2025-02-13,13:59:46,Pets: category A
273,Miller Barneveld,Male,2024-11-01,5:46:03,Food - Frozen Foods: category A
274,Sherman Bastable,Male,2025-02-08,12:49:05,Food - Snacks: category A
275,Humfried Vagg,Male,2024-09-02,12:34:52,Electronics: category A
276,Toddy Baton,Male,2024-11-06,5:27:13,Food - Meat: category A
277,Koren Mawd,Female,2025-02-13,14:13:49,Electronics: category A
278,Courtnay Cribbott,Female,2025-03-19,10:53:37,Garden: category A
279,Kevin Marland,Male,2025-06-15,22:08:13,Audio: category A
280,Pernell Legon,Male,2025-03-07,15:43:48,Sports: category A
281,Babbie Mengo,Female,2025-06-24,16:34:52,Outdoor: category A
282,Denver Bothwell,Male,2024-08-24,14:51:42,Food - Baking: category A
283,Anet Hernik,Female,2025-03-23,5:34:28,Food - Snacks: category A
284,Matthus Korpal,Male,2025-04-06,1:27:28,Food - Snacks: category A
285,Otes Granleese,Male,2024-11-17,3:08:27,Food - Cooking Essentials: category A
286,Vaclav Rolling,Male,2025-01-16,14:08:43,Food - Salads: category A
287,Lettie Seiller,Female,2025-04-06,6:03:39,Food - Dairy Alternatives: category A
288,Tomlin Mannin,Male,2024-10-19,16:31:08,Kitchen: category A
289,Parry Karus,Male,2024-08-23,2:34:00,Kitchen: category A
290,Elvina Austen,Female,2025-06-17,5:47:09,Food - Condiments: category A
291,Genny Scotson,Female,2024-08-03,5:27:16,Pets: category A
292,Wynn Caesar,Male,2025-04-19,5:27:47,Food - Soups: category A
293,Rudolph Daouze,Male,2024-09-22,14:23:43,Food - Prepared Meals: category A
294,Geoffry Kembrey,Male,2024-11-15,13:22:11,Food - Supplements: category A
295,Wood O'Duggan,Male,2025-03-01,2:12:30,Office: category A
296,Codee Huffer,Female,2025-01-03,23:21:50,Food - Salads: category A
297,Chantalle Filippone,Female,2024-08-09,1:10:51,Food - Snacks: category A
298,Helsa Curtiss,Female,2024-12-22,19:58:04,Pets: category A
299,Vinny Lavender,Female,2024-08-10,15:28:42,Office: category A
300,Leslie Stoker,Male,2024-10-21,23:06:03,Fitness: category A
301,Alana Lipp,Female,2025-06-28,11:45:17,Food - Produce: category A
302,Kahaleel Warwick,Male,2025-05-15,22:38:55,Outdoor: category A
303,Jesselyn Mulran,Female,2025-01-16,6:55:51,Food - Beverages: category A
304,Kellby Rigmand,Male,2025-03-09,9:26:03,Toys: category A
305,Noach Archbell,Male,2025-01-10,19:39:57,Travel: category A
306,Maurise Bolger,Male,2025-01-21,2:25:54,Food - Produce: category A
307,Fergus Fere,Male,2025-04-20,23:11:14,Clothing - Bags: category A
308,Tedi Syred,Female,2025-01-24,0:04:16,Food - Canned Goods: category A
309,La verne Tejada,Female,2024-12-07,8:53:54,Kitchen: category A
310,Tildie Weld,Female,2025-05-26,15:32:59,Kitchen: category A
311,Bunni Latore,Female,2025-03-16,0:44:58,Fitness: category A
312,Rycca Kinsey,Female,2025-03-27,15:52:35,Food - Condiments: category A
313,Immanuel Dorre,Male,2024-12-08,17:34:31,Kitchen: category A
314,Diann Kiehnlt,Female,2025-02-10,14:54:39,Food - Condiments: category A
315,Sadella Hamor,Female,2025-02-11,14:20:01,Food - Frozen Meals: category A
316,Alisa Ogles,Female,2024-08-06,22:04:49,Pets: category A
317,Loree Seton,Female,2024-12-01,20:11:37,Food - Bakery: category A
318,Henrieta Burgiss,Female,2025-05-19,5:41:18,Kitchen: category A
319,Shell McReynold,Female,2025-03-07,14:08:52,Accessories: category A
320,Shayne Doe,Male,2024-07-15,2:56:51,Food - Frozen Foods: category A
321,Deeyn Dable,Female,2025-04-08,23:17:33,Food - Dairy: category A
322,Elinore MacInerney,Female,2024-07-21,14:11:02,Home: category A
323,Rosco Seton,Male,2024-12-21,19:01:15,Clothing - Skirts: category A
324,Katee I'anson,Female,2025-06-01,2:37:24,Food - Spices: category A
325,Stephan Stanyon,Male,2024-12-07,2:32:18,Food - Beverages: category A
326,Pauletta Mettetal,Female,2024-09-04,3:39:37,Food - Condiments: category A
327,Callie Colecrough,Female,2025-06-18,18:58:03,Food - Frozen Foods: category A
328,Giacopo Riccardini,Male,2025-03-27,0:34:29,Food - Frozen Desserts: category A
329,Tammie Garrettson,Male,2024-12-12,0:54:56,Garden: category A
330,Kylynn Biggans,Female,2024-10-18,14:09:26,Health: category A
331,Isiahi Libbis,Male,2025-03-03,5:40:22,Food - Snacks: category A
332,Lily Colbeck,Female,2024-08-19,2:49:25,Food - Baking: category A
333,Tremain Kirvin,Male,2024-12-28,0:33:57,Pets: category A
334,Cherilyn Schiersch,Female,2024-07-04,15:32:57,Food - Condiments: category A
335,Trip Runcie,Male,2025-01-08,18:25:16,Home: category A
336,Joane Favey,Female,2025-03-29,21:24:46,Food - Salads: category A
337,Zorana Ledrun,Female,2025-03-15,11:02:40,Food - Condiments: category A
338,Angelina Dowrey,Female,2024-12-01,12:19:39,Food - Confectionery: category A
339,Stephie Toupe,Female,2025-04-27,14:07:59,Food - Bakery: category A
340,Michaelina O'Cleary,Female,2024-11-15,9:25:43,Storage: category A
341,Malissia Pegden,Female,2025-02-03,17:09:43,Sports: category A
342,Inglebert Erie,Male,2024-07-28,16:59:26,Food - Bakery: category A
343,Jillian Jandl,Female,2024-10-19,18:31:30,Food - Sauces: category A
344,Rozina Lowdyane,Female,2025-01-01,16:21:23,Footwear: category A
345,Cass Shirlaw,Male,2024-08-05,21:37:19,Footwear: category A
346,Cam Auchterlonie,Male,2024-10-31,2:16:14,Travel: category A
347,Reinald Philippet,Male,2024-07-16,13:25:36,Kitchen: category A
348,Yolanthe Grinsted,Female,2025-06-16,19:24:31,Food - Snacks: category A
349,Leonidas Jelk,Male,2025-02-05,14:12:17,Accessories: category A
350,Opaline O'Caine,Female,2024-07-29,16:53:24,Smart Home: category A
351,Jo-anne Rump,Female,2024-12-01,8:28:30,Kitchen: category A
352,Blake Fellenor,Female,2025-04-13,0:43:51,Food - Protein: category A
353,Daune Garie,Female,2024-12-25,23:41:25,Food - Baking: category A
354,Pammie Leeuwerink,Female,2024-10-14,10:17:03,Accessories: category A
355,Pebrook Pechet,Male,2025-05-15,17:32:57,Clothing - Accessories: category A
356,Wandis Flett,Female,2025-04-19,8:16:48,Food - Sauces: category A
357,Robinett Mudge,Female,2025-06-25,22:41:31,Toys: category A
358,Adele Boulsher,Female,2024-08-31,7:00:26,Food - Prepared Foods: category A
359,Saunder Blackston,Male,2024-09-13,16:38:46,Pets: category A
360,Maxim Tart,Male,2025-03-04,18:59:31,Food - Snacks: category A
361,Elaina Stangroom,Female,2025-03-16,9:22:44,Food - Breakfast: category A
362,Riley Truelove,Male,2025-02-28,0:50:47,Food - Soups: category A
363,Kathlin Crosoer,Female,2024-08-29,4:33:18,Food - Frozen Foods: category A
364,Mill Mackneis,Male,2025-06-19,13:56:43,Audio: category A
365,Cornie Littledyke,Male,2025-02-18,16:06:10,Food - Condiments: category A
366,Alessandra Cristou,Female,2024-12-03,15:58:13,Food - Salads: category A
367,Garrot Rivenzon,Male,2025-01-18,8:36:26,Clothing - Pants: category A
368,Martie Meriguet,Female,2025-01-01,22:21:32,Fitness: category A
369,Titus Hourigan,Male,2025-05-24,20:44:26,Health: category A
370,Yovonnda Jeavons,Female,2025-01-06,16:27:55,Clothing - Footwear: category A
371,Heloise Bento,Female,2024-10-10,18:52:58,Audio: category A
372,Ingar Fick,Male,2024-08-29,12:07:08,Clothing - Accessories: category A
373,Bab Lanceley,Female,2025-03-19,20:03:51,Food - Breakfast: category A
374,Felecia McGahy,Female,2024-08-24,13:01:17,Kitchen: category A
375,Elle Gaspero,Female,2025-05-27,16:34:09,Home: category A
376,Yancey Hustler,Male,2024-10-05,5:28:38,Kitchen: category A
377,Brynn Syalvester,Female,2025-05-07,9:05:33,Food - Bakery: category A
378,Anderson Hillborne,Male,2024-09-25,15:38:07,Food - Meat: category A
379,Clive Bees,Male,2025-05-16,9:27:49,Clothing - Shirts: category A
380,Gwenette O'Scully,Female,2025-01-15,6:14:25,Books: category A
381,Ninnetta Thickin,Female,2024-11-19,0:17:06,Health: category A
382,Joly Camell,Female,2025-01-02,23:35:41,Food - Meat: category A
383,Valaree Brickstock,Female,2024-10-28,19:55:46,Food - Beverages: category A
384,Alfy Botly,Male,2025-02-15,20:55:18,Food - Condiments: category A
385,Muffin Napleton,Male,2024-07-29,4:43:38,Kitchen: category A
386,Onfre Cable,Male,2025-03-14,12:13:05,Food - Beverages: category A
387,Roddie Andriss,Male,2025-04-15,7:19:58,Health: category A
388,Goddard Alessandone,Male,2025-02-11,2:44:41,Food - Frozen Meals: category A
389,Gertrudis Janus,Female,2024-11-07,22:28:20,Crafts: category A
390,Mollie Finan,Female,2025-05-08,10:42:53,Food - Pasta: category A
391,La verne Sommerland,Female,2024-12-02,4:58:20,Food - Prepared Meals: category A
392,Ellie Dennitts,Female,2024-09-18,14:28:57,Food - Frozen Food: category A
393,Talbot Dunford,Male,2025-02-26,5:26:11,Food - Dressings: category A
394,Constantine Fontelles,Male,2025-06-19,11:28:51,Pets: category A
395,Jenilee Linzey,Female,2024-08-09,0:20:20,Home Security: category A
396,Patrizia Thirlwall,Female,2024-11-09,19:20:57,Food - Canned Goods: category A
397,Otha Farden,Female,2024-07-15,0:07:33,Clothing - Footwear: category A
398,Torin Grewer,Male,2024-12-04,13:26:34,Food - Beverages: category A
399,Evaleen Cousins,Female,2024-07-01,12:03:11,Kitchen: category A
400,Marcelle Bellenger,Female,2024-11-30,11:00:57,Beauty: category A
401,Tarra Dingate,Female,2025-04-29,5:26:25,Food - Meats: category A
402,Tod Newtown,Male,2025-04-22,4:45:30,Food - Baking: category A
403,Bucky Birdseye,Male,2024-07-07,4:16:00,Pets: category A
404,Beatrisa Nafzger,Female,2025-03-15,21:50:29,Food - Spices: category A
405,Konstantin Kaasman,Male,2025-03-14,9:11:34,Health: category A
406,Carola Pallin,Female,2025-02-11,18:08:24,Food - Cereal: category A
407,Tandie Beaushaw,Female,2024-11-01,5:10:29,Garden: category A
408,Mick Southers,Male,2024-09-01,8:08:20,Clothing - Outerwear: category A
409,Rhodie Banger,Female,2024-12-18,6:26:12,Clothing: category A
410,Lenora Hornbuckle,Female,2025-01-26,13:21:05,Food - Desserts: category A
411,Torrance Bartod,Male,2025-01-07,23:33:02,Kitchen: category A
412,Thelma Ellse,Female,2025-01-25,0:26:24,Music: category A
413,Grazia Necolds,Female,2025-02-23,14:00:15,Toys: category A
414,Hyacintha Uppett,Female,2024-11-22,19:39:40,Food - Oils: category A
415,Holly-anne Brimner,Female,2024-07-20,23:04:22,Office: category A
416,Olympia Storah,Female,2025-03-12,7:02:01,Food - Pasta: category A
417,Anjela Skechley,Female,2024-12-18,3:19:59,Electronics: category A
418,Almeta Faustin,Female,2024-11-16,6:37:49,Food - Frozen Food: category A
419,Mignon Ogglebie,Female,2024-09-28,12:02:22,Food - Pasta: category A
420,Nicolette Putland,Female,2025-06-10,6:23:30,Food - Sides: category A
421,Verla Pendreigh,Female,2024-11-02,18:59:25,Food - Snacks: category A
422,Brooke Iacovaccio,Female,2024-12-01,6:33:02,Food - Snacks: category A
423,Edwin Shegog,Male,2024-12-14,1:09:11,Food - Oils: category A
424,Cassie Shanks,Male,2025-05-28,0:23:41,Audio: category A
425,Jarred Daintree,Male,2025-06-13,8:50:29,Office: category A
426,Danie Rillatt,Male,2025-03-21,4:35:22,Kitchen: category A
427,Analiese Domenget,Female,2024-07-31,10:52:21,Food - Meat: category A
428,Towny Ferebee,Male,2025-05-30,8:08:27,Home: category A
429,Gerik Vignaux,Male,2025-05-31,9:30:34,Clothing - Swimwear: category A
430,Arlena Glasscoo,Female,2024-07-20,14:40:43,Pets: category A
431,Marianna Juliff,Female,2025-02-25,7:25:06,Food - Soups: category A
432,Rodolphe Searchfield,Male,2024-10-09,20:07:11,Garden: category A
433,Georgine Leguey,Female,2025-05-10,21:35:30,Food - Confectionery: category A
434,Bevin Lewknor,Male,2025-02-27,20:38:33,Kitchen: category A
435,Lisette Stennard,Female,2025-02-25,5:17:21,Kitchen: category A
436,Nicola Simione,Female,2024-11-02,22:35:18,Home: category A
437,Merola Stanworth,Female,2025-01-25,12:54:52,Food - Spices: category A
438,Annmarie Golda,Female,2025-04-13,0:35:37,Computers: category A
439,Harley Oluwatoyin,Female,2024-12-08,0:30:49,Food - Snacks: category A
440,Hayyim Lovejoy,Male,2024-12-23,10:19:25,Food - Condiments: category A
441,Godfrey Fishenden,Male,2025-02-13,1:24:15,Travel: category A
442,Zebulon Siman,Male,2025-02-12,10:41:36,Food - Cooking Oil: category A
443,Bengt Phorsby,Male,2024-08-31,3:50:23,Food - Bakery: category A
444,Thea Preist,Female,2024-07-29,0:43:45,Food - Snacks: category A
445,Rance Birks,Male,2025-01-16,6:09:00,Food - Grains: category A
446,Raine Ambler,Female,2025-06-08,1:15:13,Home: category A
447,Thorstein Selbach,Male,2025-05-21,22:46:54,Food - Prepared Foods: category A
448,Saunder Popelay,Male,2025-02-26,17:17:55,Fitness: category A
449,Cos Behnecke,Male,2024-12-08,9:21:25,Accessories: category A
450,Juliann Coalburn,Female,2024-07-29,5:57:11,Food - Canned Goods: category A
451,Danny O'Hara,Female,2025-05-19,3:20:26,Clothing: category A
452,Layne Haycroft,Female,2025-03-23,6:03:22,Food - Breakfast: category A
453,Theodor Longforth,Male,2024-08-10,20:52:15,Kitchen: category A
454,Mufinella Boater,Female,2024-12-01,9:17:09,Kitchen: category A
455,Rhett Dumberrill,Male,2024-09-12,5:12:28,Kitchen: category A
456,Colette Gammell,Female,2025-05-06,14:54:05,Food - Grains: category A
457,Moritz Rennock,Male,2025-01-08,2:27:37,Photography: category A
458,Reynard Sapena,Male,2025-04-24,19:09:50,Audio: category A
459,Arni Mawby,Male,2025-06-08,3:41:14,Food - Snacks: category A
460,Ettore Guillond,Male,2025-05-18,0:58:50,Food - Spices: category A
461,Felic Matyushenko,Male,2025-03-10,2:55:08,Food - Breakfast: category A
462,Aldon Chessil,Male,2024-12-25,4:45:52,Food - Soups: category A
463,Dalt Coat,Male,2025-04-03,17:19:39,Food - Prepared Meals: category A
464,Raffarty Caldes,Male,2024-09-26,3:08:46,Fitness: category A
465,Abel Feore,Male,2024-08-09,6:59:03,Kitchen: category A
466,Ardisj Aubury,Female,2025-04-01,0:07:23,Food - Frozen Foods: category A
467,Onida Livsey,Female,2024-09-18,12:36:07,Toys: category A
468,Marci MacSkeagan,Female,2025-06-17,15:55:57,Food - Oils: category A
469,Gearard Bragg,Male,2024-12-25,19:57:45,Food - Dairy: category A
470,Rafaela Dericut,Female,2024-09-07,13:42:02,Clothing - Dresses: category A
471,Gordon Winpenny,Male,2024-11-23,20:53:11,Garden: category A
472,Hermione Banks,Female,2024-12-11,3:47:20,Kitchen: category A
473,Robby McCafferty,Female,2024-07-01,0:13:34,Food - Meat: category A
474,Nat Bartosek,Male,2025-01-12,7:14:43,Food - Snacks: category A
475,Rochella Bennetts,Female,2024-10-20,20:55:18,Pets: category A
476,Barnett Coch,Male,2024-10-18,4:52:06,Clothing - Tops: category A
477,Wilhelmine Moizer,Female,2025-05-31,22:32:35,Food - Condiments: category A
478,Neysa Earry,Female,2025-06-28,1:54:36,Travel: category A
479,Burnaby Gieraths,Male,2024-07-07,5:55:38,Food - Prepared Meals: category A
480,Reube Pawlik,Male,2024-10-31,15:32:57,Food - Condiments: category A
481,Giustina Evershed,Female,2025-06-13,16:04:21,Garden: category A
482,Bart Ridulfo,Male,2025-06-22,22:10:06,Storage: category A
483,Selestina Besnard,Female,2024-12-21,17:53:57,Accessories: category A
484,Addie Ivy,Male,2025-03-30,17:29:06,Food - Frozen Foods: category A
485,Elwin Brisse,Male,2025-05-04,13:03:13,Clothing - Activewear: category A
486,Avivah Malcolm,Female,2024-10-10,20:53:57,Food - Pasta: category A
487,Gary Folcarelli,Male,2024-10-22,9:27:33,Food - Frozen Foods: category A
488,Heddi Pieter,Female,2024-11-29,16:15:13,Food - Frozen Vegetables: category A
489,Eryn Hakewell,Female,2024-08-26,16:17:18,Food - Snacks: category A
490,Christoph Casaccio,Male,2024-08-17,18:02:00,Food - Frozen Meals: category A
491,Wilow Bryant,Female,2025-05-09,8:33:54,Kitchen: category A
492,Lissy Helder,Female,2025-01-29,17:52:03,Food - Grains: category A
493,Danielle Chape,Female,2025-03-26,4:16:02,Food - Meat: category A
494,Tabbi Holdall,Female,2024-09-27,14:04:20,Smart Home: category A
495,Jerrold Vreiberg,Male,2024-10-22,1:21:52,Food - Condiments: category A
496,Kaye Ruben,Female,2025-05-14,4:34:10,Travel: category A
497,Carolee Charpling,Female,2024-08-05,4:17:22,Food - Desserts: category A
498,Karena Corkitt,Female,2025-04-12,4:37:13,Home: category A
499,Kettie Sreenan,Female,2024-10-28,0:18:04,Home: category A
500,Thurstan Bunyan,Male,2025-05-15,17:55:45,Clothing - Outerwear: category A
501,Stephanie Grebner,Female,2024-10-27,5:26:21,Accessories: category A
502,Emelita Camilletti,Female,2024-12-27,8:28:31,Kitchen: category A
503,Isak Vassbender,Male,2024-07-12,18:52:42,Outdoor: category A
504,Ebony Merritt,Female,2025-05-06,8:10:47,Food - Prepared Foods: category A
505,Mame Chatel,Female,2024-12-01,11:08:54,Food - Snacks: category A
506,Akim Bishell,Male,2025-01-31,9:37:42,Accessories: category A
507,Brooke Capponer,Female,2024-09-09,16:18:34,Office: category A
508,Gleda Salliss,Female,2024-11-16,9:56:54,Home: category A
509,Alaric Diable,Male,2025-03-16,23:11:01,Food - Bakery: category A
510,Chen Cogar,Male,2025-04-26,17:48:47,Accessories: category A
511,Gerek Douberday,Male,2024-10-18,21:03:38,Office: category A
512,Cathee Robeiro,Female,2024-08-24,20:14:36,Food - Produce: category A
513,Mufi Reboul,Female,2025-03-21,14:39:20,Tools: category A
514,Andros Betjeman,Male,2024-07-01,14:45:09,Food: category A
515,Arte Girling,Male,2025-06-05,11:12:56,Food - Snacks: category A
516,Alexandros Bogue,Male,2024-11-23,21:05:51,Food - Condiments: category A
517,Emmi Milazzo,Female,2025-01-11,11:31:17,Toys: category A
518,Kelley Maron,Female,2025-03-30,11:52:19,Home: category A
519,Quintina Shearmer,Female,2025-04-07,9:45:05,Outdoor: category A
520,Blondelle Stachini,Female,2025-02-18,10:07:49,Health: category A
521,Celisse Daudray,Female,2025-01-28,17:59:34,Clothing - Outerwear: category A
522,Lemmy Scotland,Male,2024-11-24,20:11:49,Kitchen: category A
523,Antoni Dyshart,Male,2024-08-20,0:02:35,Food - Confectionery: category A
524,Julina Heffy,Female,2024-08-27,9:30:52,Fitness: category A
525,Kenn Piscopiello,Male,2025-05-13,22:01:30,Clothing - Loungewear: category A
526,Keely Naptin,Female,2025-03-14,1:08:55,Clothing - Shoes: category A
527,Kimberly Mixter,Female,2024-07-09,1:38:35,Food - Deli: category A
528,Giordano Harriss,Male,2025-02-17,21:26:26,Toys: category A
529,Hailey Caswell,Male,2025-05-12,11:58:52,Food - Nuts: category A
530,Noelani Melarkey,Female,2024-08-25,15:47:08,Clothing - Outerwear: category A
531,Edmund Capeling,Male,2024-09-20,3:37:00,Audio: category A
532,Rossy Fordy,Male,2024-07-19,18:01:21,Beauty: category A
533,Jewelle Doxsey,Female,2024-10-17,21:34:58,Health: category A
534,Natala Stanion,Female,2024-07-24,3:48:52,Kitchen: category A
535,Minne Tew,Female,2024-07-31,7:56:51,Bicycles: category A
536,Janos Cooley,Male,2025-03-24,17:45:03,Food - Meat: category A
537,Algernon Simmings,Male,2024-07-07,3:34:36,Fitness: category A
538,Fielding Northin,Male,2025-05-25,17:41:58,Food - Prepared Foods: category A
539,Nyssa Newlan,Female,2024-09-29,9:31:05,Food - Snacks: category A
540,Allan Spivie,Male,2025-06-03,12:40:01,Food - Nuts: category A
541,Farr Spinley,Male,2025-06-03,10:37:05,Food - Canned Goods: category A
542,Rich Guidone,Male,2025-05-14,19:20:13,Food - Grains: category A
543,Ardella Offiler,Female,2025-02-11,6:04:12,Kitchen: category A
544,Wade Wombwell,Male,2024-08-28,22:40:33,Food - Desserts: category A
545,Thaddeus Gasnoll,Male,2024-09-29,12:34:58,Food - Condiments: category A
546,Reeta Turton,Female,2024-10-17,1:48:12,Food - Beverages: category A
547,Garrott Cotes,Male,2025-02-28,3:56:21,Food - Frozen Meals: category A
548,Mack Blaver,Male,2024-07-22,7:40:14,Pets: category A
549,Nanine Dearman,Female,2024-12-02,13:25:20,Food - Produce: category A
550,Franchot Keys,Male,2024-11-23,19:54:11,Food - Snacks: category A
551,Brittaney Dauber,Female,2024-12-16,9:57:23,Outdoor: category A
552,Jefferey O'Malley,Male,2025-05-11,7:53:57,Health: category A
553,Leola Moorrud,Female,2025-02-15,15:04:28,Pets: category A
554,Sonja Samart,Female,2024-08-23,11:16:08,Gaming: category A
555,Kerrie Gunstone,Female,2024-12-05,14:15:02,Food - Sides: category A
556,Joana Bright,Female,2024-08-24,9:58:06,Kitchen: category A
557,Tracey Mordacai,Male,2025-04-19,23:46:21,Food - Grains: category A
558,Annamarie Morriarty,Female,2025-01-03,7:24:55,Kitchen: category A
559,Berry Element,Female,2024-10-28,3:55:10,Home: category A
560,Wendye Gross,Female,2025-04-09,23:30:20,Kitchen: category A
561,Rollo Berrisford,Male,2025-06-09,9:26:42,Food - Bakery: category A
562,Zuzana Spilsbury,Female,2024-09-06,0:29:59,Food - Vegetables: category A
563,Joane Jays,Female,2025-04-15,17:49:44,Food - Beverages: category A
564,Krystalle Dhillon,Female,2024-10-31,12:12:58,Automotive: category A
565,Jennee Slograve,Female,2025-03-03,2:21:00,Food - Condiments: category A
566,Claudie Snap,Female,2025-06-09,18:46:53,Food - Condiments: category A
567,Ian Feldbrin,Male,2025-05-14,11:54:20,Food - Beverages: category A
568,Bette-ann Mumm,Female,2024-07-29,7:57:29,Food - Snacks: category A
569,Clywd Childes,Male,2025-03-29,4:14:05,Travel: category A
570,Dillie Anning,Male,2025-06-15,8:36:08,Office: category A
571,Nessie Rowlinson,Female,2024-10-23,19:15:44,Outdoor: category A
572,Nero Daltry,Male,2024-09-03,0:57:06,Food - Dairy: category A
573,Elvina Newport,Female,2024-08-23,14:00:37,Food - Frozen Meals: category A
574,Gayleen Lissimore,Female,2025-01-31,17:35:24,Food - Bakery: category A
575,Iseabal Goldsbrough,Female,2024-10-25,18:39:19,Clothing - Activewear: category A
576,Arthur Creeber,Male,2025-02-17,11:26:14,Food - Grains: category A
577,Gustave Franke,Male,2024-07-23,19:58:38,Kitchen: category A
578,Abbie Monks,Male,2024-12-19,22:38:40,Clothing - Activewear: category A
579,Isac Ghelarducci,Male,2024-07-15,22:03:59,Home: category A
580,Towney Klehyn,Male,2025-03-16,20:48:35,Food - Bakery: category A
581,Ofella Churchlow,Female,2024-09-03,5:53:07,Automotive: category A
582,Zed Oran,Male,2024-11-21,0:07:23,Home: category A
583,Cornela O'Sherin,Female,2025-05-15,20:17:10,Outdoor: category A
584,Elisha Warde,Male,2025-02-26,0:18:57,Food - Sides: category A
585,Judi Chidler,Female,2025-02-16,13:04:57,Food - Vegetables: category A
586,Derry Eaglestone,Male,2025-03-26,6:13:57,Fitness: category A
587,Mervin Worsnup,Male,2024-08-28,1:46:32,Food - Snacks: category A
588,Jeni Cunnow,Female,2025-03-16,9:44:58,Garden: category A
589,Bekki Prestland,Female,2024-07-11,6:09:53,Fitness: category A
590,Spencer Igglesden,Male,2025-05-29,11:23:10,Kitchen: category A
591,Felicia Verheijden,Female,2025-03-06,4:33:40,Food - Snacks: category A
592,Hagen Benneyworth,Male,2025-03-22,1:10:17,Food - Cereals: category A
593,Taddeusz Kidman,Male,2025-06-17,18:41:32,Health: category A
594,Percy Cuell,Male,2025-06-09,11:50:45,Food - Frozen Desserts: category A
595,Clarke Argont,Male,2025-04-27,11:37:51,Food - Meats: category A
596,Joycelin Matanin,Female,2025-04-09,13:16:17,Food - Beverages: category A
597,Stephana Cornejo,Female,2025-01-22,4:25:58,Clothing - Outerwear: category A
598,Coreen Lawlings,Female,2024-11-05,15:49:35,Home: category A
599,Mick Poynser,Male,2025-05-18,18:00:14,Food - Bakery: category A
600,Cecil Laurance,Female,2024-11-10,22:01:26,Outdoor: category A
601,Agnes Murrthum,Female,2024-12-11,8:57:02,Food - Sides: category A
602,Durward Bailes,Male,2024-09-22,5:46:22,Food - Beverages: category A
603,Darwin Walles,Male,2025-03-03,19:27:01,Pets: category A
604,Wolfgang Mcall,Male,2024-10-23,12:49:13,Food - Canned Goods: category A
605,Linnea Brownbridge,Female,2024-09-27,7:11:40,Kitchen: category A
606,Stephanus Bowers,Male,2024-12-15,22:26:19,Food - Canned Soups: category A
607,Leland Kitney,Female,2025-06-18,1:08:51,Food - Dairy: category A
608,Zack Ziemens,Male,2024-10-06,15:58:59,Food - Produce: category A
609,Clifford Cahen,Male,2024-12-01,19:06:56,Outdoor: category A
610,Eduard Bellringer,Male,2025-04-05,8:45:56,Art Supplies: category A
611,Robin Christal,Male,2025-06-24,1:42:24,Outdoor: category A
612,Gayla Walsham,Female,2025-02-15,17:14:39,Food - Condiments: category A
613,Natty Sharpless,Female,2025-06-12,17:37:31,Food - Snacks: category A
614,Kaja Dumbrall,Female,2025-04-17,11:48:17,Home: category A
615,Gustaf Lovick,Male,2024-09-11,17:00:50,Home: category A
616,Eal Aldins,Male,2024-08-16,2:22:51,Outdoor: category A
617,Kate Dalgarno,Female,2025-03-27,14:46:44,Food - Snacks: category A
618,Joby Spennock,Female,2025-06-13,22:24:12,Food - Grains: category A
619,Rori Cove,Female,2025-03-19,13:41:11,Food - Snacks: category A
620,Bren Suller,Female,2024-10-01,12:11:35,Outdoor: category A
621,Niki Baldry,Female,2025-03-30,14:48:15,Kitchen: category A
622,Jaine Frigout,Female,2025-06-11,22:56:55,Garden: category A
623,Gaston Nerger,Male,2025-06-06,5:40:08,Clothing - Footwear: category A
624,Beniamino Karran,Male,2025-02-23,6:07:29,Food - Meat: category A
625,Nerita Biaggiotti,Female,2025-03-07,14:28:02,Food - Nuts: category A
626,Eleanora Burless,Female,2025-04-13,5:19:29,Home: category A
627,Ivor Jacquemet,Male,2025-02-10,18:53:27,Home: category A
628,Dinah Scarfe,Female,2024-07-10,13:12:34,Clothing: category A
629,Daphne Tattersfield,Female,2024-12-20,0:53:21,Accessories: category A
630,Vonny O'Haire,Female,2025-05-21,18:34:56,Electronics: category A
631,Alyssa Kellard,Female,2025-06-17,10:40:08,Fitness: category A
632,Evanne Ingree,Female,2025-02-16,10:05:58,Food - Condiments: category A
633,Russ Stubbin,Male,2025-01-24,15:25:22,Fitness: category A
634,Abrahan Berwick,Male,2025-01-15,23:44:38,Food - Bakery: category A
635,Patton Allanson,Male,2025-03-29,14:36:10,Food - Sauces: category A
636,Ransom Terbrugge,Male,2024-11-27,11:01:46,Gaming: category A
637,Gunner Faithorn,Male,2024-11-03,3:15:22,Food - Snacks: category A
638,Vail Boothby,Male,2025-02-27,23:00:14,Food - Snacks: category A
639,Jeffry Bowness,Male,2025-05-30,23:52:42,Food - Snacks: category A
640,Britt Keaton,Female,2024-08-26,7:29:10,Food - Bakery: category A
641,Burgess Lugg,Male,2024-08-06,8:49:27,Food - Frozen Foods: category A
642,Ingra Hutcheson,Male,2024-10-29,0:51:18,Home: category A
643,Reider Scarbarrow,Male,2024-10-03,10:43:44,Pets: category A
644,Archaimbaud Chantrell,Male,2024-10-04,15:49:35,Garden: category A
645,Damita McMahon,Female,2025-02-15,17:12:17,Food - Frozen Vegetables: category A
646,Colly Kirman,Female,2025-02-16,0:59:24,Toys: category A
647,Blinnie Stiven,Female,2025-02-08,21:16:12,Food - Condiments: category A
648,Starlin Radford,Female,2025-06-16,9:02:11,Clothing: category A
649,Lesley Santello,Male,2025-02-13,3:00:17,Fitness: category A
650,Gerek Bisson,Male,2024-12-22,13:51:16,Food - Baking: category A
651,Glyn Weymont,Male,2025-02-26,7:29:24,Food - Bakery: category A
652,Iain Lecount,Male,2025-05-04,22:54:29,Clothing - Dresses: category A
653,Roshelle de Aguirre,Female,2025-02-19,4:26:05,Food - Condiments: category A
654,Ardisj Anstey,Female,2024-08-30,12:41:33,Automotive: category A
655,Cindelyn Cornwell,Female,2024-11-25,9:39:58,Electronics: category A
656,Martie Ventham,Male,2024-11-13,4:50:06,Office: category A
657,Duff Inger,Male,2025-03-10,5:53:42,Clothing - Footwear: category A
658,Alvie Ganing,Male,2024-12-17,21:07:30,Clothing - Coats: category A
659,Jaime Chaudron,Female,2025-02-11,19:53:40,Clothing - Tops: category A
660,Florri Bladesmith,Female,2025-06-08,15:36:33,Kitchen: category A
661,Barry Liebmann,Female,2025-06-19,0:53:00,Clothing - Bottoms: category A
662,Nixie Trineman,Female,2025-03-25,2:31:39,Food - Sauces: category A
663,Fredericka McGonigal,Female,2024-07-30,0:30:52,Office: category A
664,Avis Thicking,Female,2025-03-22,8:45:11,Food - Condiments: category A
665,Orran Cowup,Male,2025-05-10,8:11:06,Wearable Tech: category A
666,Tobiah Hounsom,Male,2024-10-13,16:39:03,Food - Breakfast: category A
667,Worth Emlyn,Male,2025-03-26,19:49:09,Kitchen: category A
668,Currey Ryland,Male,2024-08-19,19:07:46,Food - Dairy: category A
669,Roxanne McIlwreath,Female,2025-05-20,14:18:45,Food - Prepared Foods: category A
670,Jacob Blazdell,Male,2024-12-04,21:21:01,Food - Prepared Foods: category A
671,Bianca Frigout,Female,2024-07-19,16:52:08,Food - Vegetarian: category A
672,Peterus Dumbare,Male,2025-02-07,0:10:32,Food - Breakfast: category A
673,Mic Huzzey,Male,2024-11-22,14:19:07,Food - Canned Goods: category A
674,Salomon Davidek,Male,2025-01-12,12:23:08,Home: category A
675,Padraig Sammars,Male,2025-06-05,12:44:05,Food - Snacks: category A
676,Eward Lally,Male,2024-10-22,4:56:25,Kitchen: category A
677,Brittney Northing,Female,2025-02-06,2:07:16,Food - Snacks: category A
678,Westleigh Roswarne,Male,2025-03-05,14:51:21,Kitchen: category A
679,Kristoforo Carlisle,Male,2024-09-11,4:03:11,Travel: category A
680,Lockwood Zecchi,Male,2024-07-20,8:01:14,Food - Breakfast: category A
681,Irwin Nabarro,Male,2025-06-07,0:57:45,Garden: category A
682,Alvinia Copes,Female,2024-11-02,10:10:23,Home: category A
683,Leelah Argente,Female,2024-12-01,20:18:03,Food - Frozen Foods: category A
684,Michaelina Dinning,Female,2024-11-30,23:56:54,Accessories: category A
685,Roch Pyvis,Female,2025-03-01,19:37:14,Food - Prepared Foods: category A
686,Rana Burd,Female,2024-07-05,16:13:26,Kitchen: category A
687,Laryssa Nuschke,Female,2025-04-11,16:56:43,Clothing - Accessories: category A
688,Magdaia Bronot,Female,2024-07-14,17:40:13,Toys: category A
689,Stacee Tremmil,Female,2024-07-03,13:02:57,Clothing - Bottoms: category A
690,Leonore Longstreeth,Female,2024-07-09,10:22:42,Pets: category A
691,Ailbert Patrone,Male,2024-07-31,14:20:28,Food - Pasta: category A
692,Wyn Moan,Male,2024-10-19,8:33:04,Fitness: category A
693,Boony Currington,Male,2025-05-03,11:05:36,Food - Beverages: category A
694,Joelly Antham,Female,2025-01-10,16:52:46,Toys: category A
695,Gallagher Mills,Male,2025-03-04,3:06:02,Food - Grains: category A
696,Almeria Camous,Female,2025-06-21,2:37:01,Food - Condiments: category A
697,Lyndsey Bownass,Female,2025-04-04,8:24:26,Food - Cereal: category A
698,Palm Rodnight,Male,2024-10-28,18:06:54,Food - Spreads: category A
699,Sharl Minney,Female,2025-01-05,17:26:45,Kitchen: category A
700,Paxton Gatus,Male,2024-07-30,2:23:11,Garden: category A
701,Molly Loins,Female,2025-01-06,7:55:01,Kitchen: category A
702,Austina Corzor,Female,2024-12-25,21:05:39,Food - Condiments: category A
703,Jules Cochern,Male,2025-04-12,22:45:09,Food - Spices: category A
704,Fanya Poizer,Female,2024-11-26,10:34:23,Food - Snacks: category A
705,Serge Beeby,Male,2025-02-08,14:10:23,Office: category A
706,Harmony Estrella,Female,2024-07-07,6:09:58,Food - Condiments: category A
707,Miranda Haggart,Female,2025-03-08,5:08:11,Fitness: category A
708,Bab Bows,Female,2024-10-31,19:40:38,Beauty: category A
709,Tirrell Schulz,Male,2025-04-09,4:41:00,Photography: category A
710,Riccardo Hounson,Male,2024-07-19,1:16:04,Outdoor: category A
711,Uri Dally,Male,2025-02-08,1:04:59,Food - Snacks: category A
712,Kaleena Peniman,Female,2024-09-14,0:09:47,Food - Condiments: category A
713,Ebba Matusevich,Female,2024-11-11,19:56:30,Food - Snacks: category A
714,Kimbell Moseley,Male,2024-11-17,0:41:59,Food - Prepared Meals: category A
715,Kit Beggs,Female,2025-06-13,11:05:12,Fitness: category A
716,Fairfax Trehearn,Male,2024-08-28,6:21:04,Food - Condiments: category A
717,Bunnie Gillibrand,Female,2025-03-14,17:35:36,Clothing: category A
718,Fairleigh Snufflebottom,Male,2025-04-22,16:44:39,Audio: category A
719,Tadio Bigham,Male,2024-11-15,16:42:02,Food - Household: category A
720,Georgy McKeevers,Male,2025-03-14,19:24:19,Safety: category A
721,Jaymee Saice,Female,2024-09-03,19:13:36,Food - Meat: category A
722,Berty Broadstock,Male,2024-07-12,12:53:11,Outdoor: category A
723,Nikki Codman,Male,2025-04-02,7:25:05,Food - Condiments: category A
724,Erroll Codeman,Male,2024-07-14,3:18:56,Home: category A
725,Susanetta Neeves,Female,2025-02-13,10:44:11,Food - Desserts: category A
726,Toddie Potteridge,Male,2024-08-28,13:21:37,Food - Oils & Vinegars: category A
727,Thornton Maddrell,Male,2024-08-26,2:33:14,Home: category A
728,Starlin Suddell,Female,2024-10-29,15:03:50,Home: category A
729,Eddie Northcliffe,Female,2024-07-29,16:03:32,Home: category A
730,Sheba Klarzynski,Female,2024-08-17,20:03:50,Food - Soups: category A
731,Jaymee Treeby,Female,2025-02-13,3:31:48,Food - Condiments: category A
732,Grethel Carous,Female,2025-05-05,12:05:59,Fitness: category A
733,Scarlett Lightollers,Female,2025-03-22,7:30:13,Automotive: category A
734,Bran Floyde,Male,2025-02-08,16:51:33,Pets: category A
735,Ron Wrankmore,Male,2024-09-10,16:15:46,Home: category A
736,Valma Cantillion,Female,2024-11-10,4:28:51,Food - Grains: category A
737,Esme Scrammage,Male,2024-07-07,19:21:20,Food - Snacks: category A
738,Clementius Trimmill,Male,2025-04-04,3:57:21,Fitness: category A
739,Horatio Baggett,Male,2024-12-26,5:00:30,Food - Frozen Foods: category A
740,Cindra Claremont,Female,2025-06-12,13:25:44,Fitness: category A
741,Gwennie Beenham,Female,2025-02-14,18:55:57,Food - Vegetables: category A
742,Sue Elves,Female,2024-12-24,17:09:55,Fitness: category A
743,Hamel Novacek,Male,2025-06-04,10:41:11,Accessories: category A
744,Candra Hillen,Female,2024-08-08,14:53:16,Home: category A
745,Valaria Goodale,Female,2025-02-24,11:17:45,Food - Condiments: category A
746,Marylinda Barthelmes,Female,2024-09-19,10:00:24,Automotive: category A
747,Casper Coldbath,Male,2024-11-08,2:39:00,Accessories: category A
748,Thorstein Hails,Male,2024-08-31,16:14:34,Home: category A
749,Eulalie Rebeiro,Female,2025-05-14,23:28:06,Food - Snacks: category A
750,Weidar Munnings,Male,2025-01-26,10:23:22,Food - Snacks: category A
751,Ripley Tohill,Male,2024-09-11,19:29:04,Fitness: category A
752,Murray Fanstone,Male,2024-12-04,22:51:32,Food - Pasta: category A
753,Gennie Langridge,Female,2024-11-29,13:37:08,Clothing - Tops: category A
754,Shurwood Greedier,Male,2025-01-13,1:13:30,Food - Baking: category A
755,Cassey Habgood,Female,2025-04-12,18:39:39,Clothing - Bottoms: category A
756,Robena Premble,Female,2025-04-19,5:21:18,Food - Fresh Produce: category A
757,Bertrand Tows,Male,2025-03-02,17:22:36,Bicycles: category A
758,Viviana Brannon,Female,2025-06-07,4:20:18,Food - Produce: category A
759,Laura Sommerly,Female,2024-10-14,19:19:30,Kitchen: category A
760,Warden Bridgwood,Male,2025-05-10,4:45:57,Toys: category A
761,Perry Copeland,Female,2025-06-07,14:36:36,Food - Meat: category A
762,Michell Heinsius,Female,2024-11-20,11:54:03,Food - Breakfast: category A
763,Brandy Sylvester,Female,2024-08-13,23:40:14,Wearable Tech: category A
764,Sheppard Hanscom,Male,2025-01-01,15:09:33,Home: category A
765,Malory Brunsen,Female,2025-03-05,1:01:32,Food - Condiments: category A
766,Hilary Lynett,Male,2024-07-05,13:14:23,Food - Canned Soups: category A
767,Danell Degg,Female,2024-08-20,3:00:48,Kitchen: category A
768,Thaddeus Skitt,Male,2025-05-02,14:01:20,Food - Nuts: category A
769,Brnaby Grombridge,Male,2025-05-31,11:19:03,Food - Snacks: category A
770,Nicko Ferroni,Male,2024-09-07,18:13:11,Home: category A
771,Bette Gay,Female,2025-01-10,22:14:53,Food - Seafood: category A
772,Shannon Drillot,Male,2025-05-23,17:35:35,Food - Condiments: category A
773,Zaccaria Issit,Male,2024-09-10,3:44:09,Food - Condiments: category A
774,Steffane Greason,Female,2024-09-27,9:56:46,Food - Frozen Meals: category A
775,Rodolphe Kringe,Male,2024-10-20,14:38:45,Toys: category A
776,Cirilo Extill,Male,2024-07-09,10:07:52,Kitchen: category A
777,Walliw Cornewell,Female,2024-12-09,21:01:02,Bathroom: category A
778,Irene Preshous,Female,2025-06-24,6:50:49,Home: category A
779,Galina Langelay,Female,2024-08-25,20:36:48,Pets: category A
780,Devina Wilse,Female,2025-04-16,8:52:37,Clothing - Swimwear: category A
781,Barb Matous,Female,2025-04-03,21:02:18,Fitness: category A
782,Tom Caunt,Male,2025-05-23,2:32:03,Garden: category A
783,Willy Coverlyn,Male,2024-08-23,5:07:42,Food - Beverages: category A
784,Eliot Hefferan,Male,2024-11-24,7:16:15,Food - Grains: category A
785,Carlin Verrillo,Male,2025-06-10,10:56:39,Health: category A
786,Meggi Neaverson,Female,2025-03-08,7:28:10,Kitchen: category A
787,Olia Clausewitz,Female,2025-04-02,23:47:43,Fitness: category A
788,Bonnee Berntsson,Female,2025-06-11,10:10:28,Food - Condiments: category A
789,Benedetta McCambridge,Female,2024-09-05,3:29:27,Clothing: category A
790,Bettina Dring,Female,2024-12-19,5:47:06,Food - Prepared Foods: category A
791,Windham Primarolo,Male,2024-09-10,13:04:23,Fitness: category A
792,Kiley Chicotti,Male,2024-12-06,23:12:51,Food - Oils: category A
793,Jamill Rummer,Male,2024-09-16,1:24:33,Food - Meats: category A
794,Jania Cloney,Female,2024-07-19,16:26:13,Food - Frozen Foods: category A
795,Costanza Stolle,Female,2025-04-12,9:30:59,Food - Meat: category A
796,Dex Mushett,Male,2024-08-01,1:02:46,Kitchen: category A
797,West Hobbing,Male,2024-08-17,3:03:49,Home Appliances: category A
798,Randal Cochern,Male,2024-11-06,22:07:24,Food - Baking: category A
799,Devonna Grimsdike,Female,2024-11-27,10:49:41,Food - Beverages: category A
800,Salaidh McCready,Female,2024-08-02,20:21:38,Accessories: category A
801,Harper Amoore,Male,2025-02-12,23:11:06,Pets: category A
802,Estevan Schurig,Male,2024-08-22,12:49:26,Home: category A
803,Willi Sinnat,Male,2025-04-19,15:44:15,Toys: category A
804,Tye Pendlebery,Male,2024-10-06,19:02:59,Food - Produce: category A
805,Ebonee Bartens,Female,2025-02-08,0:18:51,Kitchen: category A
806,Quintilla Durante,Female,2025-01-08,3:41:08,Outdoor: category A
807,Berry Sim,Female,2024-08-15,15:51:51,Outdoor: category A
808,Filippa Simonato,Female,2024-08-12,18:56:32,Food - Prepared Foods: category A
809,Nessi Fisk,Female,2024-08-03,17:48:45,Food - Produce: category A
810,Nannette Whistance,Female,2024-10-05,19:28:57,Food - Dairy Alternatives: category A
811,Eleonora Cosely,Female,2025-06-26,16:31:20,Food - Snacks: category A
812,Brady Bools,Male,2025-03-22,20:44:48,Food - Snacks: category A
813,Morrie Inglesant,Male,2024-07-07,10:19:36,Kitchen: category A
814,Taddeo Halgarth,Male,2024-10-09,16:15:33,Garden: category A
815,Bebe Bisp,Female,2024-10-05,10:58:04,Food - Snacks: category A
816,Jamal De Normanville,Male,2025-03-15,5:17:01,Audio: category A
817,Petr Skeemer,Male,2025-04-14,1:32:33,Food - Soups: category A
818,Sigismond Hagley,Male,2024-07-30,17:31:19,Food - Breakfast: category A
819,Anne-corinne Ousley,Female,2024-10-17,6:26:11,Food - Frozen Foods: category A
820,Violet Aish,Female,2025-06-26,9:39:04,Kitchen: category A
821,Udale Crickmore,Male,2024-12-18,10:22:43,Office: category A
822,Verina Bremen,Female,2025-01-02,9:52:44,Home Appliances: category A
823,Petra Fuentez,Female,2024-12-14,21:36:00,Beauty: category A
824,Lurline Guesford,Female,2025-04-02,17:18:38,Food - Snacks: category A
825,Sophie Karpf,Female,2024-11-12,11:16:36,Automotive: category A
826,Hamil Causon,Male,2025-01-22,11:02:03,Food - Breakfast: category A
827,Alasdair Bayfield,Male,2024-12-10,10:10:18,Kitchen: category A
828,Hyacinthe Brisker,Female,2025-05-10,17:31:36,Fitness: category A
829,Saundra Donnelly,Male,2025-03-05,11:43:19,Food - Canned Goods: category A
830,Giulietta Goodall,Female,2025-06-05,22:59:51,Food - Dairy: category A
831,Laverna Ormond,Female,2024-09-13,11:25:11,Food - Baked Goods: category A
832,Giffy Bottini,Male,2024-07-25,7:24:20,Food - Meat: category A
833,Miller Boyett,Male,2025-03-17,18:56:40,Food - Vegetables: category A
834,Dinny Fillery,Female,2025-06-03,3:26:12,Food - Prepared Meals: category A
835,Ingaborg Deekes,Female,2024-07-26,20:53:56,Kitchen: category A
836,Joelly Annis,Female,2024-12-05,2:56:16,Kitchen: category A
837,Hobie Oldridge,Male,2025-03-16,7:28:17,Kitchen: category A
838,Othello Pashe,Male,2024-07-26,0:41:05,Toys: category A
839,Husain Baglan,Male,2025-04-15,14:20:24,Clothing - Tops: category A
840,Sapphire Matejic,Female,2024-11-23,7:11:57,Clothing - Tops: category A
841,Larissa Kibbel,Female,2025-02-04,11:40:36,Footwear: category A
842,Chick Mottram,Male,2024-09-08,17:51:28,Fitness: category A
843,Robers Grouen,Male,2025-05-26,17:57:47,Office: category A
844,Vladimir Bradden,Male,2024-06-30,14:48:16,Home: category A
845,Drugi Poli,Male,2024-07-21,5:12:48,Food - Frozen Foods: category A
846,Britteny Hinze,Female,2025-02-12,2:00:15,Food - Baking: category A
847,Micky Oddey,Male,2025-02-22,14:49:53,Food - Meat: category A
848,Dorotea Aldcorne,Female,2024-09-14,5:16:36,Food - Snacks: category A
849,Patience Simoens,Female,2025-01-10,3:59:34,Food - Baking Goods: category A
850,Towney Chin,Male,2025-06-16,19:07:49,Food - Produce: category A
851,Anatol Potebury,Male,2024-10-20,22:47:38,Home Appliances: category A
852,Cobby Snalum,Male,2025-06-13,11:00:26,Kitchen: category A
853,Cale Scandroot,Male,2024-12-31,11:01:40,Clothing: category A
854,Emmeline Gartside,Female,2024-10-07,7:54:41,Kitchen: category A
855,Emelyne Stelli,Female,2025-02-12,7:17:40,Food - Condiments: category A
856,Em Pardew,Female,2024-08-30,18:47:15,Food - Canned Goods: category A
857,Gerhardine Nancekivell,Female,2024-06-30,8:41:01,Food - Frozen Desserts: category A
858,Eric McMechan,Male,2024-10-19,10:48:53,Food - Sauces: category A
859,Oswell Henrie,Male,2024-07-01,15:43:29,Fitness: category A
860,Yorgo Greatham,Male,2024-12-22,3:57:15,Electronics: category A
861,Charles Ortler,Male,2025-02-26,0:58:29,Home: category A
862,Jillian Stealy,Female,2024-10-06,13:46:27,Food - Dressings: category A
863,Milt Crowder,Male,2024-10-11,18:15:01,Food - Breakfast: category A
864,Verile Argile,Female,2025-05-29,17:09:17,Food - Baking: category A
865,Georgina Fidler,Female,2024-08-18,15:49:32,Accessories: category A
866,Theresina Elsy,Female,2025-04-28,16:51:17,Food - Snacks: category A
867,Teodorico Fealty,Male,2025-06-29,6:06:41,Food - Frozen Meals: category A
868,Celia Joron,Female,2024-09-16,20:47:49,Kitchen: category A
869,Harriott Sobtka,Female,2024-11-20,18:41:34,Kitchen: category A
870,Pauletta Capoun,Female,2024-07-17,16:15:43,Food - Salads: category A
871,Garnet Meth,Female,2024-09-16,18:57:32,Food - Grains: category A
872,Stevana Quenby,Female,2024-07-21,19:17:55,Health: category A
873,Eduard Curlis,Male,2025-05-07,6:23:32,Kitchen: category A
874,Arlen Toomer,Male,2025-05-05,23:47:31,Food - Meat: category A
875,Wanda Blakeden,Female,2025-04-22,5:00:47,Home: category A
876,Dav Vasyukov,Male,2024-08-05,16:16:46,Food - Baking: category A
877,Darius Fancet,Male,2025-05-05,0:53:56,Kitchen: category A
878,Katharyn Goakes,Female,2025-04-27,1:23:39,Accessories: category A
879,Gabriellia Engley,Female,2024-10-07,15:44:24,Food - Canned Goods: category A
880,Karia MacAlroy,Female,2025-05-03,2:51:14,Food - Canned Goods: category A
881,Marti Bowmer,Female,2025-04-13,19:08:41,Food - Breakfast: category A
882,Nicky Mordon,Female,2024-08-14,20:00:03,Books: category A
883,Josefina Coole,Female,2024-12-11,18:11:06,Food - Oils: category A
884,Johnnie Aloshechkin,Male,2024-09-24,0:18:59,Kitchen: category A
885,Lira Matovic,Female,2024-12-05,15:40:23,Food - Breakfast: category A
886,Wylie Aslen,Male,2024-11-15,5:52:59,Food - Frozen Foods: category A
887,Cristian Janosevic,Male,2025-02-11,18:52:50,Pets: category A
888,Allison Awton,Female,2025-03-31,20:01:53,Bathroom: category A
889,Martelle Punchard,Female,2025-02-11,1:58:14,Health: category A
890,Babita Colles,Female,2025-06-20,0:39:56,Home: category A
891,Bree Rummings,Female,2025-06-07,23:45:23,Audio: category A
892,Howard Kellart,Male,2025-03-07,1:41:12,Food - Beverages: category A
893,Nan Strank,Female,2024-07-27,13:33:19,Electronics: category A
894,Hymie Raubenheimers,Male,2025-01-23,0:44:24,Clothing - Bottoms: category A
895,Charley Abrahim,Male,2025-02-20,6:10:16,Health: category A
896,Albertine Kaes,Female,2025-05-03,22:01:00,Food - Dairy Alternatives: category A
897,Sampson Epton,Male,2024-10-01,15:30:22,Food - Snacks: category A
898,Kalvin Menham,Male,2024-10-19,20:58:38,Office: category A
899,Collin Rodger,Male,2024-07-22,22:08:56,Home: category A
900,Collette O'Cahey,Female,2025-01-13,7:46:29,Food - Baking: category A
901,Oby Trever,Male,2024-10-11,22:11:48,Food - Dips: category A
902,Friedrich Massel,Male,2024-08-13,4:52:45,Home Appliances: category A
903,Rosemary Downes,Female,2024-11-03,16:39:11,Kitchen: category A
904,Hayyim Fley,Male,2024-11-12,16:37:37,Art Supplies: category A
905,Austin Spreag,Female,2025-02-15,9:29:47,Kitchen: category A
906,Ruthe Sent,Female,2025-02-11,17:25:23,Food - Snacks: category A
907,Allie Bettles,Male,2025-04-04,0:41:52,Food - Condiments: category A
908,Cherlyn Decaze,Female,2024-09-16,7:14:11,Food - Meat: category A
909,Devonne Eddleston,Female,2024-08-22,18:05:47,Food - Canned Goods: category A
910,Aylmar Stittle,Male,2025-05-30,10:57:11,Food - Produce: category A
911,Shawnee Peirone,Female,2024-10-09,1:42:32,Food - Dips: category A
912,Remus Penella,Male,2025-02-11,23:48:00,Kitchen: category A
913,Lamar Pittem,Male,2025-04-14,0:52:31,Food - Condiments: category A
914,Sargent Rheubottom,Male,2025-06-16,15:19:08,Outdoor: category A
915,Friedrick Plan,Male,2024-11-06,20:39:04,Food - Baking: category A
916,Quinlan Denys,Male,2025-04-06,22:04:19,Audio: category A
917,Hollis Covely,Male,2024-09-09,16:34:05,Pets: category A
918,Candis Bruckstein,Female,2024-07-07,15:25:41,Food - Snacks: category A
919,Chickie Johansson,Female,2024-08-05,7:13:28,Food - Breakfast: category A
920,Nevil Marrion,Male,2024-08-27,16:10:00,Food - Condiments: category A
921,Georgiana Pleat,Female,2024-09-28,18:21:02,Food - Snacks: category A
922,Curran Drohan,Male,2024-12-22,23:52:54,Home: category A
923,Blancha Heindle,Female,2025-05-02,14:17:41,Toys: category A
924,Donovan Annakin,Male,2024-11-05,23:01:05,Food - Meat: category A
925,Edgar Getley,Male,2025-03-11,0:35:49,Home: category A
926,Griswold Churches,Male,2025-06-14,20:00:44,Food - Dairy: category A
927,Tomaso Leavesley,Male,2024-08-24,12:09:11,Food - Frozen: category A
928,Lorry Malyan,Male,2025-02-14,6:20:48,Clothing - Jumpsuits: category A
929,Felecia Pickton,Female,2024-12-22,19:44:18,Food - Frozen Foods: category A
930,Derrek Jouanet,Male,2025-02-14,11:20:37,Home: category A
931,Christina Forrest,Female,2025-02-21,1:13:49,Food - Condiments: category A
932,Aleen Wanek,Female,2024-09-16,11:22:13,Books: category A
933,Loretta Alven,Female,2024-11-04,17:44:18,Food - Household: category A
934,Orion Paulon,Male,2024-07-11,12:38:54,Food - Dairy: category A
935,Anna-diana Wolfart,Female,2024-12-13,1:28:44,Automotive: category A
936,Daniela Maytum,Female,2025-03-15,9:09:05,Home: category A
937,Kassie McRobb,Female,2025-03-16,8:44:52,Food - Canned Goods: category A
938,Archambault Pechell,Male,2024-10-02,19:52:46,Kitchen: category A
939,Renata Purcell,Female,2024-11-01,2:25:56,Home: category A
940,Carrol Davidovsky,Male,2024-12-19,23:14:39,Outdoor: category A
941,Brennen Rider,Male,2024-09-29,8:49:34,Accessories: category A
942,Ada Cockayne,Female,2024-11-21,5:59:08,Home: category A
943,Jude Prowse,Male,2025-05-25,21:23:48,Kitchen: category A
944,Norman Devennie,Male,2025-04-04,16:51:53,Clothing - Outerwear: category A
945,Aryn Moisey,Female,2024-12-13,11:25:57,Food - Sauces: category A
946,Neall Dombrell,Male,2024-11-25,9:31:41,Outdoor: category A
947,Darcy Castelletti,Female,2024-09-23,16:01:42,Food - Snacks: category A
948,Eva Firk,Female,2024-09-25,6:27:25,Garden: category A
949,Alayne Guerrier,Female,2024-07-11,18:48:12,Pets: category A
950,Salim Groveham,Male,2025-01-12,21:45:23,Toys: category A
951,Glen Pyatt,Female,2024-10-03,14:15:52,Food - Produce: category A
952,Sylvia Januszewicz,Female,2024-11-15,10:23:42,Home: category A
953,Garrik Casel,Male,2024-12-31,20:04:27,Clothing: category A
954,Danny Morteo,Male,2025-01-13,3:15:28,Storage: category A
955,Rahel Dove,Female,2024-11-03,3:35:22,Food - Condiments: category A
956,Brittni Doyle,Female,2024-08-27,22:28:54,Books: category A
957,Ginelle Lyburn,Female,2025-05-06,12:31:42,Food - Meat: category A
958,Stearn Idill,Male,2025-05-30,9:16:39,Garden: category A
959,Lennard Lackemann,Male,2025-05-30,16:59:31,Home: category A
960,Morgen Brambley,Male,2025-03-07,13:12:12,Food - Condiments: category A
961,Vinson Lowings,Male,2025-06-03,12:14:59,Home: category A
962,Florenza Ilsley,Female,2024-12-02,19:00:55,Food - Baking: category A
963,Valeria Rosenthaler,Female,2024-11-29,0:29:59,Food - Meat: category A
964,Thomasin Bowlesworth,Female,2025-02-23,12:07:56,Food - Baked Goods: category A
965,Atlante Spollen,Female,2025-05-30,8:44:36,Food - Meat: category A
966,Leodora Kilborn,Female,2024-10-07,7:50:52,Toys: category A
967,Bria Saveall,Female,2024-09-27,11:26:20,Health: category A
968,Adrian Vazquez,Male,2025-05-12,7:39:26,Food - Snacks: category A
969,Riki McEachern,Female,2025-03-25,14:00:03,Pets: category A
970,Tamarra Gusticke,Female,2024-10-24,14:52:09,Beauty: category A
971,Shannan Wicklen,Male,2024-09-08,8:15:31,Clothing - Bottoms: category A
972,Kerstin Bunclark,Female,2025-05-03,4:25:09,Health: category A
973,Albrecht Hrishanok,Male,2025-02-15,0:52:52,Food - Grains: category A
974,Valenka Armstrong,Female,2024-07-14,13:12:27,Food - Frozen Foods: category A
975,Warner Bortoloni,Male,2025-04-06,15:16:25,Clothing - Activewear: category A
976,Trudi Rennebach,Female,2024-10-03,23:29:33,Food - Condiments: category A
977,Prudy Ruffey,Female,2025-04-19,21:12:05,Pets: category A
978,Karlotte Clink,Female,2024-12-27,15:49:29,Food - Frozen Foods: category A
979,Riki Basek,Female,2024-08-27,9:37:47,Food: category A
980,Wake Nightingale,Male,2024-09-04,3:53:54,Food - Snacks: category A
981,Kathlin Cornick,Female,2024-11-14,4:54:56,Toys: category A
982,Tait Sanham,Male,2024-11-13,5:00:06,Outdoor: category A
983,Celinda Attac,Female,2025-03-14,18:05:14,Food - Spices: category A
984,Blakelee Manby,Female,2024-11-13,20:14:06,Electronics: category A
985,Kipp Zellick,Male,2025-03-05,11:44:54,Pets: category A
986,Bobina Kiera,Female,2025-04-08,13:06:21,Clothing - Shirts: category A
987,Murvyn Telega,Male,2024-07-06,23:09:32,Electronics: category A
988,Ivie Horley,Female,2025-01-06,9:26:30,Food - Dairy Alternatives: category A
989,Darcy Mc Caughen,Female,2024-10-27,6:15:21,Food - Beverages: category A
990,Dinny Piwell,Female,2024-08-17,3:14:45,Food - Snacks: category A
991,Maxwell Swyndley,Male,2024-11-19,0:08:49,Books: category A
992,Angy Bootell,Female,2025-02-15,21:32:15,Office: category A
993,Donia Accum,Female,2025-03-17,0:29:17,Kitchen: category A
994,Arlin Smetoun,Male,2024-07-30,16:13:43,Food - Grocery: category A
995,Ransom Vlasenko,Male,2024-07-03,23:19:44,Food - Condiments: category A
996,Winifred Pitkin,Female,2024-11-03,8:10:47,Food - Meat: category A
997,Waverly Oger,Male,2025-02-04,2:20:24,Food - Fresh Produce: category A
998,Romola Bohlens,Female,2024-08-10,10:58:16,Clothing - Footwear: category A
999,Kellby Gauch,Male,2025-01-21,12:39:05,Food - Frozen Vegetables: category A
1000,Richmond Ivanishev,Male,2024-07-01,6:56:30,Home: category A
